TeamID;ShortText;Promotion;InitialELO;League;Region;Name
157;FCB;0;2057.25650898366;78;Bayern;Bayern München
165;BVB;0;1876.14499515202;78;West;Borussia Dortmund
168;B04;0;1839.94585962243;78;West;Bayer Leverkusen
172;VFB;0;1805.06498124536;78;SuedWest;VfB Stuttgart
173;RBL;0;1787.11847101298;78;Nordost;RB Leipzig
167;TSG;0;1708.8722858909;78;SuedWest;1899 Hoffenheim
169;SGE;0;1687.38388474488;78;SuedWest;Eintracht Frankfurt
160;SCF;0;1686.14918500265;78;SuedWest;SC Freiburg
164;M05;0;1677.86379526869;78;SuedWest;FSV Mainz 05
163;BMG;0;1630.3226687518;78;West;Borussia Mönchengladbach
170;FCA;0;1627.54581392229;78;Bayern;FC Augsburg
182;FCU;0;1602.15190765595;78;Nordost;Union Berlin
162;SVW;0;1586.02173855254;78;Nord;Werder Bremen
175;HSV;0;1582.07103142611;78;Nord;Hamburger SV
192;KOE;0;1536.21887947619;78;West;1. FC Köln
185;SCP;0;1490.80163374793;78;West;SC Paderborn 07
1660;ELV;0;1486.21849371069;78;SuedWest;SV Elversberg
174;S04;0;1479.87820846198;78;West;FC Schalke 04
161;WOB;0;1575.11146938928;79;Nord;VfL Wolfsburg
180;FCH;0;1517.9647594722;79;SuedWest;1. FC Heidenheim
186;STP;0;1494.49609531628;79;Nord;FC St. Pauli
166;H96;0;1486.44624069989;79;Nord;Hannover 96
176;BOC;0;1431.65051578751;79;West;VfL Bochum
159;BSC;0;1408.88579762256;79;Nordost;Hertha BSC
191;KSV;0;1406.12566087473;79;Nord;Holstein Kiel
181;SVD;0;1404.22614208007;79;SuedWest;SV Darmstadt 98
745;FCK;0;1401.28510052942;79;SuedWest;1. FC Kaiserslautern
171;FCN;0;1400.5119860812;79;Bayern;1. FC Nürnberg
179;FCM;0;1377.85389999423;79;Nordost;1. FC Magdeburg
785;KSC;0;1377.23751093567;79;SuedWest;Karlsruher SC
183;SGD;0;1359.48553854359;79;Nordost;Dynamo Dresden
188;DSC;0;1359.08593081528;79;West;Arminia Bielefeld
178;SGF;0;1319.28923385614;79;Bayern;SpVgg Greuther Fürth
1324;OSN;0;1317.61640313603;79;Nord;VfL Osnabrück
744;EBS;0;1314.18554318866;79;Nord;Eintracht Braunschweig
1320;FCE;0;1265.44507776935;79;Nordost;Energie Cottbus
158;F95;0;1343.56801237841;80;West;Fortuna Düsseldorf
1321;FCH;0;1279.08844885536;80;Nordost;Hansa Rostock
1313;SCPM;0;1269.21179494942;80;West;Preußen Münster
4259;AAC;0;1264.47534713104;80;West;Alemannia Aachen
4265;SCV;0;1257.45830000891;80;West;Verl
1621;RWE;0;1244.97238208582;80;West;Rot-Weiß Essen
187;MSV;0;1216.61913726976;80;West;MSV Duisburg
184;FCI;0;1187.64436873435;80;Bayern;FC Ingolstadt 04
177;SSV;0;1160.40603589523;80;Bayern;SSV Jahn Regensburg
1319;WIE;0;1155.25911770662;80;SuedWest;SV Wehen
1639;FCS;0;1154.39492876846;80;SuedWest;FC Saarbrücken
1620;FCV;0;1154.17351299122;80;West;FC Viktoria Köln
4268;WMA;0;1120.06724948249;80;SuedWest;Waldhof Mannheim
12867;VFB2;-50;1102.12032168525;80;SuedWest;Stuttgart II
9364;TSG2;-50;1068.88686733734;80;SuedWest;Hoffenheim II
9342;HAV;0;1048.46449511782;80;Nord;Havelse
784;FWK;0;1043.14657721819;80;Bayern;Würzburger Kickers
1317;SGS;0;1043.14657721819;80;SuedWest;SG Sonnenhof Grossaspach
1318;SVM;0;1043.14657721819;80;Nord;SV Meppen
1326;SFK;0;1043.14657721819;80;West;Fortuna Köln
1860;FCB;0;2375.71909819693;82;;Bayern Munich W
1863;WOB;0;2169.53157970088;82;;VfL Wolfsburg W
14014;SGE;0;1981.23079865206;82;;Eintracht Frankfurt W
1858;TSG;0;1862.34510483644;82;;1899 Hoffenheim W
1859;B04;0;1830.9827222902;82;;Bayer Leverkusen W
1870;SVW;0;1736.8628636499;82;;Werder Bremen W
1867;SCF;0;1728.87155047479;82;;SC Freiburg W
1866;FRA;0;1718.5780488908;82;;Frankfurt W
24133;FCU;0;1692.12788353326;82;;Union Berlin W
20501;RBL;0;1679.76823148096;82;;RB Leipzig W
1871;KOE;0;1648.90566423495;82;;FC Koln W
20498;HSV;0;1603.43920963337;82;;Hamburger SV W
1868;SGS;0;1593.69968517957;1034;;SGS Essen W
20487;FCN;0;1560.41599212488;82;;Nürnberg W
16849;FCC;0;1418.93926720895;1034;;Carl Zeiss Jena  W
1865;FFU;0;1417.70770207951;82;;FF USV Jena W
1861;MSV;0;1408.82060137366;82;;MSV Duisburg W
1314;UNT;0;1127.01451626215;83;Bayern;SpVgg Unterhaching
9332;FCN2;-50;1106.85695660902;83;Bayern;Nürnberg II
9330;FVI;0;1063.95507357806;83;Bayern;Illertissen
1635;S05;0;1039.00654575885;83;Bayern;FC Schweinfurt 05
12893;VIL;0;1010.42886476097;83;Bayern;Vilzing
4674;FCB2;-50;983.409573800018;83;Bayern;Bayern München II
9323;AUB;0;956.190311411753;83;Bayern;Aubstadt
9337;BUR;0;947.474654161999;83;Bayern;Wacker Burghausen
4262;EIC;0;943.603302789378;83;Bayern;Eichstätt
9326;BUC;0;938.583456233516;83;Bayern;Buchbach
14621;ANS;0;931.688638009939;83;Bayern;Ansbach
9325;BAY;0;909.845166880374;83;Bayern;Bayreuth
9328;SGF2;-50;906.636908913828;83;Bayern;Greuther Fürth II
9324;FCA2;-50;906.443433792759;83;Bayern;Augsburg II
12849;SAB;0;883.56228382018;83;Bayern;Schwaben Augsburg
9331;MEM;0;873.370781236332;83;Bayern;Memmingen
12762;SCEL;0;820.162085480006;83;Bayern;Eltersdorf
9336;VIKB;0;813.318744199557;83;Bayern;Viktoria Aschaffenburg
9335;TUE;0;800.287666637105;83;Bayern;Türkgücü-Ataspor
9333;RAI;0;787.445059852289;83;Bayern;Rain / Lech
9327;GAR;0;779.166765080715;83;Bayern;Garching
12780;HAN;0;759.521390641006;83;Bayern;Hankofen-Hailing
12757;BAM;0;758.242864499844;83;Bayern;Eintracht Bamberg
9334;SCHA;0;742.800291491181;83;Bayern;Schalding-Heining
9329;HEI;0;733.768679945931;83;Bayern;Heimstetten
9322;ROSA;0;725.177117833111;83;Bayern;1860 Rosenheim
12832;PIP;0;695.832461657284;83;Bayern;Pipinsried
1623;DRA;0;1108.94648906598;84;Nord;SV Drochtersen/Assel
9347;VFBO;0;1079.61330383242;84;Nord;VfB Oldenburg
9341;H962;-50;1059.77205695211;84;Nord;Hannover 96 II
12831;PHL;0;1041.86195149031;84;Nord;Phönix Lübeck
12804;KEM;0;1016.74254930233;84;Nord;Kickers Emden
1655;SSVJ;0;1007.50526050466;84;Nord;SSV Jeddeloh
1630;BSV;0;999.422102062708;84;Nord;Bremer SV
9348;WO2;-50;997.901484260988;84;Nord;Wolfsburg II
1625;VFB;0;989.873701513887;84;Nord;VfB Lübeck
9340;HSV2;-50;975.02463638096;84;Nord;Hamburger SV II
1649;SCW;0;964.101675289223;84;Nord;Weiche Flensburg
1330;SVW2;-50;957.570477800807;84;Nord;Werder Bremen II
9345;SCHB;0;906.440524117203;84;Nord;Schwarz-Weiß Rehden
12742;HIL;0;872.490769951302;84;Nord;Borussia Hildesheim
9344;HO2A;-50;868.448295034136;84;Nord;Holstein Kiel II
12878;TEU;0;857.828718248728;84;Nord;Teutonia Ottensen
9346;STP2;-50;843.705540072895;84;Nord;St. Pauli II
1631;NOR;0;843.02701166718;84;Nord;Eintracht Norderstedt
19475;FCS3;0;837.800865965179;84;Nord;Schöningen
12880;TSVT;0;836.600196132358;84;Nord;Todesfelde
1645;LUN;0;833.153488591515;84;Nord;Luneburger SK Hansa
9339;HSC;0;829.685867278688;84;Nord;HSC Hannover
14629;BWL;0;817.026774604262;84;Nord;BW Lohne
4260;ATL;0;805.098384534728;84;Nord;Atlas Delmenhorst
13947;ETV;0;797.118633812619;84;Nord;Eimsbütteler TV
14500;KIL;0;785.6116468928;84;Nord;Kilia Kiel
4263;OBE;0;777.939755058714;84;Nord;Oberneuland
14787;SPE;0;722.862186588616;84;Nord;Spelle-Venhaus
9338;ALT;0;708.299297856802;84;Nord;Altona 93
9343;HEIA;0;692.962575793588;84;Nord;Heider SV
1325;FCC;0;1189.50786345289;85;Nordost;FC Carl Zeiss Jena
9355;LOKL;0;1183.28241748405;85;Nordost;Lokomotive Leipzig
1316;HFC;0;1146.09543207632;85;Nordost;Hallescher FC
1329;RWE;0;1137.00488760872;85;Nordost;FC Rot-Weiß Erfurt
1315;FSV;0;1114.68067824869;85;Nordost;FSV Zwickau
1328;CFC;0;1084.43925969111;85;Nordost;Chemnitzer FC
9349;VSGA;0;1074.10803828468;85;Nordost;Altglienicke
16118;GFC;0;1050.3537706167;85;Nordost;Greifswalder FC
21525;FCM2;-50;1035.03045137987;85;Nordost;Magdeburg II
1636;BFC;0;1028.69555463305;85;Nordost;BFC Dynamo
1622;BAB;0;1022.80254808951;85;Nordost;SV Babelsberg 03
1618;BFCP;0;1012.35385862074;85;Nordost;BFC Preussen
1651;BSG;0;1003.419225337;85;Nordost;BSG Chemie Leipzig
12809;FSVL;0;970.307792034926;85;Nordost;Luckenwalde
9353;BSC2;-50;967.811074785816;85;Nordost;Hertha BSC II
4267;WAC;0;964.561639481936;85;Nordost;Wacker Nordhausen
4266;VIKA;0;951.218690798009;85;Nordost;Viktoria Berlin
9358;ZFC;0;930.916509174774;85;Nordost;ZFC Meuselwitz
16119;HA2B;-50;929.77438739762;85;Nordost;Hansa Rostock II
9354;LIC;0;883.371648854898;85;Nordost;Lichtenberg
9357;UNI;0;880.405467602693;85;Nordost;Union Fürstenwalde
12756;EIL;0;877.702028963974;85;Nordost;Eilenburg
12833;PLA;0;850.393085245852;85;Nordost;Plauen
9351;BAK;0;841.864310238581;85;Nordost;BAK '07
9356;OPT;0;838.057043260718;85;Nordost;Optik Rathenow
12786;HER;0;825.425424454574;85;Nordost;Hertha Zehlendorf
1643;GER;0;813.750104143287;85;Nordost;Germania Halberstadt
9352;BIS;0;793.462907477484;85;Nordost;Bischofswerdaer FV
9350;AUE;0;776.480886569094;85;Nordost;Auerbach
12876;TEN;0;772.722536217298;85;Nordost;Tennis Borussia
12874;TAS;0;719.942525252909;85;Nordost;Tasmania Berlin
1652;SSVU;0;1148.72785316788;86;SuedWest;SSV ULM 1846
12846;SGVF;0;1063.50135430991;86;SuedWest;SGV Freiberg
1634;FCHO;0;1058.10701299553;86;SuedWest;FC 08 Homburg
1656;TSVS;0;1034.11921913305;86;SuedWest;TSV Steinbach
12788;KSVH;0;1031.19612300388;86;SuedWest;Hessen Kassel
1332;FSVF;0;1021.38749381643;86;SuedWest;FSV Frankfurt
12868;SVKI;0;996.728900405233;86;SuedWest;Stuttgarter Kickers
12735;BFL;0;987.178014350247;86;SuedWest;Barockstadt Fulda-Lehn.
9363;SCF2;-50;984.108188789415;86;SuedWest;Freiburg II
1628;OFC;0;979.143080586887;86;SuedWest;Kickers Offenbach
1331;M052;-50;972.199440259554;86;SuedWest;FSV Mainz 05 II
189;SVS;0;971.937096963241;86;SuedWest;SV Sandhausen
19217;SGE2;-50;951.911963492977;86;SuedWest;Eintracht Frankfurt II
1626;AST;0;918.718886652584;86;SuedWest;FC Astoria Walldorf
1627;SVET;0;910.188773495274;86;SuedWest;Eintracht Trier
12777;GOE;0;890.693655711482;86;SuedWest;Göppinger SV
9362;GIE;0;881.472829813627;86;SuedWest;FC Gießen
1663;WOR;0;875.098706620627;86;SuedWest;Wormatia Worms
1327;VFRA;0;853.031323933394;86;SuedWest;VfR Aalen
1657;TUSA;0;847.414381021103;86;SuedWest;TuS RW Koblenz
9365;PIR;0;838.497304604575;86;SuedWest;Pirmasens
1619;FCV;0;833.267255821012;86;SuedWest;FC 08 Villingen
9359;BAH;0;807.477482947461;86;SuedWest;Bahlinger SC
14524;SCHD;0;805.613935653362;86;SuedWest;Schott Mainz
1648;TUS;0;792.895016029217;86;SuedWest;TuS Koblenz
9361;BAYC;0;785.095736900672;86;SuedWest;Bayern Alzenau
9360;BAL;0;776.484755510636;86;SuedWest;Balingen
12761;STA;0;738.841054345094;86;SuedWest;Eintracht Stadtallendorf
1658;RWO;0;1149.86249574895;87;West;Rot-weiss Oberhausen
9367;BVB2;-50;1136.26243756129;87;West;Borussia Dortmund II
14485;FCG;0;1117.59820278979;87;West;FC Gutersloh
9373;S042;-50;1108.95763292129;87;West;Schalke 04 II
9368;BMG2;-50;1082.26581505766;87;West;Borussia M'gladbach II
13935;SFS;0;1070.04774240506;87;West;Sportfreunde Siegen
12827;SCP2;-50;1050.36758921503;87;West;Paderborn II
12799;KAA;0;1029.93646212741;87;West;Kaan-Marienborn
1323;SFL;0;1017.71165341361;87;West;Sportfreunde Lotte
9371;KOE2;-50;999.695751636234;87;West;Köln II
24430;BOC2;-50;994.633044071449;87;West;Bochum II
9369;FO2;-50;987.961470530263;87;West;Fortuna Düsseldorf II
1637;BSCB;0;987.599179933896;87;West;Bonner SC
12764;FCBO;0;983.725738580125;87;West;FC Bocholt
1650;SVR;0;948.665358633018;87;West;SV Rodinghausen
12897;SCWD;0;926.22797488944;87;West;Wiedenbrück
9374;TUSB;0;922.685905046854;87;West;TuS Haltern
12754;DUE;0;913.97125101763;87;West;Düren Merzenich
9372;LIP;0;907.542155323597;87;West;Lippstadt 08
19465;HOH;0;893.775690600375;87;West;Eintracht Hohkeppel
9375;WUP;0;890.199399114491;87;West;Wuppertaler SV
1322;KFC;0;871.670401663428;87;West;KFC Uerdingen 05
12847;SSVB;0;871.40857003304;87;West;SSVg Velbert
1629;SGW;0;853.373674849432;87;West;SG Wattenscheid 09
9366;SVBG;0;852.241643518323;87;West;Bergisch Gladbach
20873;TUEA;0;824.995666547641;87;West;Türkspor Dortmund
9370;HOM;0;824.739271190064;87;West;Homberg
12839;ROTC;0;822.545634803274;87;West;Rot Weiss Ahlen
12862;STR;0;811.092163356575;87;West;Straelen
14148;WEG;0;806.495853321005;87;West;Wegberg-Beeck
24130;VFB;0;1536.03932106703;82;;Stuttgart W
21564;M05;0;1529.76108599808;82;;Mainz 05 W
1862;SCS;0;1514.6109182862;1034;;SC Sand W
14013;SVM;0;1503.41019080526;1034;;Meppen W
20504;FCVB;0;1464.79116452709;1034;;Viktoria Berlin W
22293;SGE2;-50;1409.86768947087;1034;;Eintracht Frankfurt II W
20483;FCI;0;1379.31586389432;1034;;Ingolstadt W
20495;AND;0;1366.62839312822;1034;;Andernach W
1869;TUP;0;1356.02826154074;1034;;Turbine Potsdam W
20473;BOC;0;1333.26729137285;1034;;Bochum W
1864;BMG;0;1315.73537569241;1034;;Borussia Monchengladbach W
24534;FR2;-50;1282.80614379613;1034;;Freiburg II W
22295;FCB2;-50;1276.07874631459;1034;;Bayern München II W
22296;TSG2;-50;1262.52901679022;1034;;Hoffenheim II W
20480;GUE;0;1229.91408437257;1034;;Gütersloh W
20494;WEIA;0;1197.43842189434;1034;;Weinberg W
22294;WO2;-50;1192.69825872463;1034;;Wolfsburg II W
20493;WAR;0;1158.15700076499;1034;;Warbeyen W
190;FCEA;0;1072.92;85;Nordost;Erzgebirge Aue
786;M60;0;1167.68;83;Bayern;TSV 1860 München
14717;LAB;0;786.42;83;Bayern;Landsberg
14754;RSV;0;878.01;85;Nordost;RSV Eintracht
12800;FCK2;-50;793.67;86;SuedWest;Kaiserslautern II
12889;VFRM;0;793.67;86;SuedWest;VfR Mannheim
12790;VFBH;0;916.52;87;West;Hilden
14826;WRH;0;916.52;87;West;Westfalia Rhynern
27444;BSC;0;1208.98;1034;;Hertha Berlin W
28045;KOE2;-50;1208.98;1034;;FC Koln II W
